contig_2,100.000,1022,0,1,1022,344293,345314,0.0,1888,1022,5734267,CGCGCGGCCGGGGTCCCGGCGGAGTCGATCGGCTATCTGGAGGCGCACGGCACGGGCACGCTCAAGGGCGATCCGATCGAGTTCGCCGCCCTGACGGAGGCGTTCCGCCGGCACACCGGCCGGACCGGATTCTGCGCCCTGGGCTCCACGAAGCCCGCCATCGGCCATCTGGACAGCGCGGCCGGGCTGGCCGGGCTGATCAAGGCGATCGAGGTGCTGCGGCACGGGATCGTCCCCCCGCTGGTGAACTTCTCCCGTCCCAACCCGGCGCTGGCGGTCGACGACAGCCCCTTCGTGCTCCCGGCCCATGAGCGGGACTGGCCGGTGAGCGGCGTACGGCGCGCCGGTGTGCACTCCATCGGCATGGGCGGTACCAATGCGCACGTGATCATGGAACAGGCGCCCCCGCGTGCGGAAGACGTGCCCGGCGCGCTCCCGCGTGCGGCGCGGACAGCCGGCGCGCTCCCGCGTGCGGAACACCTGTCCGGTGGGGACGGTGCGGAGGTCCCGGCGCTGCTTCCGCTGTCCGCCGCGAGCGGGGACGCGCTGGTGGCGTACGCCCGCTCGGTACGTGACCATCTCGTACGCCGGCCCGAGACGGCCCGCGCCGACCTGCTGGTCACCACGGCGCTGGGACGGCGGCTGCTCCCCCACCGGCTGGTCGTCACGTCCGCCGACCCGGTCGCCGGGCTCGACGCCTTCCTCCGGGACGAGGCGGCGGGCGGGGCCCCGGGCATGGTGGCGGGCGCGGCGGCGGGCCGTGCCTCCGGTGAGGAGTACGTGACGGGGGTGGTGGACGGGGAGGGTGCGGTCGAGCCGGTCTTCCTGTTCAGCGGGCAGGGCGGCCCGCGCCCCGGCATGGGCGCCGAACTGTCGGCCCGCTTCCCGGTGGTGGCCGCGACACTCGCCCTCTGCGCCCGGCTGTACGAGGAGGAGACCGGCCACCGCGACTTCCTGGCCCGGGTGGTGGACGGGCAGGGGCCGGACCGGTGGGACACGGCCTTCGCCCAGCCCGCGCTGTT,CGCGCGGCCGGGGTCCCGGCGGAGTCGATCGGCTATCTGGAGGCGCACGGCACGGGCACGCTCAAGGGCGATCCGATCGAGTTCGCCGCCCTGACGGAGGCGTTCCGCCGGCACACCGGCCGGACCGGATTCTGCGCCCTGGGCTCCACGAAGCCCGCCATCGGCCATCTGGACAGCGCGGCCGGGCTGGCCGGGCTGATCAAGGCGATCGAGGTGCTGCGGCACGGGATCGTCCCCCCGCTGGTGAACTTCTCCCGTCCCAACCCGGCGCTGGCGGTCGACGACAGCCCCTTCGTGCTCCCGGCCCATGAGCGGGACTGGCCGGTGAGCGGCGTACGGCGCGCCGGTGTGCACTCCATCGGCATGGGCGGTACCAATGCGCACGTGATCATGGAACAGGCGCCCCCGCGTGCGGAAGACGTGCCCGGCGCGCTCCCGCGTGCGGCGCGGACAGCCGGCGCGCTCCCGCGTGCGGAACACCTGTCCGGTGGGGACGGTGCGGAGGTCCCGGCGCTGCTTCCGCTGTCCGCCGCGAGCGGGGACGCGCTGGTGGCGTACGCCCGCTCGGTACGTGACCATCTCGTACGCCGGCCCGAGACGGCCCGCGCCGACCTGCTGGTCACCACGGCGCTGGGACGGCGGCTGCTCCCCCACCGGCTGGTCGTCACGTCCGCCGACCCGGTCGCCGGGCTCGACGCCTTCCTCCGGGACGAGGCGGCGGGCGGGGCCCCGGGCATGGTGGCGGGCGCGGCGGCGGGCCGTGCCTCCGGTGAGGAGTACGTGACGGGGGTGGTGGACGGGGAGGGTGCGGTCGAGCCGGTCTTCCTGTTCAGCGGGCAGGGCGGCCCGCGCCCCGGCATGGGCGCCGAACTGTCGGCCCGCTTCCCGGTGGTGGCCGCGACACTCGCCCTCTGCGCCCGGCTGTACGAGGAGGAGACCGGCCACCGCGACTTCCTGGCCCGGGTGGTGGACGGGCAGGGGCCGGACCGGTGGGACACGGCCTTCGCCCAGCCCGCGCTGTT
contig_2,100.000,23,0,47,69,2606937,2606915,6.92e-04,43.6,1022,5734267,ACGGCACGGGCACGCTCAAGGGC,ACGGCACGGGCACGCTCAAGGGC
contig_2,84.615,39,5,688,726,810547,810510,0.032,38.1,1022,5734267,GGGCTCGACGCCTTCCTCCGGGACGAGGCGGCGGGCGGG,GGGCTCGACGCCTACCTCCGCGCCGAA-CAGCGGGCGGG
contig_2,100.000,20,0,915,934,1563384,1563365,0.032,38.1,1022,5734267,CGCCCGGCTGTACGAGGAGG,CGCCCGGCTGTACGAGGAGG
contig_2,82.927,41,7,668,708,2688517,2688477,0.032,38.1,1022,5734267,CGTCCGCCGACCCGGTCGCCGGGCTCGACGCCTTCCTCCGG,CGTCCTCCGTCTCCGTCACCGGGCCCGGCGCCTTCCTCCGG
contig_3,79.592,98,12,22,114,2383591,2383685,5.31e-10,63.9,1022,3076046,GAGTCGAT-CGGCTATC-TGGAGGCGCACGGCACGGGCACGCTCAAGGGCGATCCGATCGAGTTCGCCGCCCTGA-CGGAGGCGTTCCG--CCGGCAC,GAGTCGATCCGGC--TCGTGGAGGCGCACGGCACCGGCACCCCGCTCGGCGATCCCATCGAGTTCTCCGCGCTCAGCCG-GGCGTTCCGGGCCGGCAC
contig_3,72.581,186,42,26,205,2377829,2378011,1.15e-06,52.8,1022,3076046,CGATCGGCTATCTGGAGGCGCACGGCACGGGCACGCTCAAGGGCGATCCGATCGAGTT-CGCCGCCCTGACGGAG-GCGTTCCGCCGGCACACCGGC--CGG-ACCGGATTCTGCGCCCTGGGCTCCACGAAGCCCGCCATCGGCCATCTGGACAG-CGCGGCCGGGCTGGCCGGGCTGATCAAGG,CGATCGGCTATGTGGAGGCCCACGGCACCGGCACGGCCCTGGGCGACCCCGTCGAGGTGCGC-GCGCTC-CAGAGCGCCTTCCGGCAGCTGGGCGGCGACGGCATCGGCACCTGCGGAATCGGCTCGGTGAAGACCAACATCGGGCATCTGGA-AGCCGCCGCCGGTATCGCCGGGCTCCTCAAGG
contig_3,100.000,21,0,192,212,1875424,1875404,0.009,39.9,1022,3076046,CGGGCTGATCAAGGCGATCGA,CGGGCTGATCAAGGCGATCGA
contig_3,83.333,42,7,40,81,2370040,2370081,0.009,39.9,1022,3076046,GAGGCGCACGGCACGGGCACGCTCAAGGGCGATCCGATCGAG,GAAGCGCACGGACCGGGAACGCCCGTGGGCGATCCGATCGAG
contig_3,92.593,27,2,843,869,2645975,2646001,0.009,39.9,1022,3076046,CGGCCCGCGCCCCGGCATGGGCGCCGA,CGGCGCTCGCCCCGGCATGGGCGCCGA
contig_1,87.500,32,3,537,567,128713,128682,0.12,36.2,1022,240780,CGGGGACG-CGCTGGTGGCGTACGCCCGCTCG,CGGGCACGCCGCCGGTGCCGTACGCCCGCTCG
contig_1,89.286,28,1,964,990,25737,25763,0.42,34.4,1022,240780,GTGGTGGACGGGCAGGGGC-CGGACCGG,GTGGTGGACGGGCTGGGGCGCGG-CCGG
contig_1,95.238,21,1,800,820,51228,51208,0.42,34.4,1022,240780,GGGAGGGTGCGGTCGAGCCGG,GGGAGGGTGCGGTCGTGCCGG
contig_1,86.667,30,3,612,641,184601,184573,1.5,32.5,1022,240780,CCTGCTGGTCACCACGGCGCTGGGACGGCG,CCTGCTGGTCACC-CGGCGCCGGCACCGCG
contig_1,90.909,22,2,328,349,14456,14435,5.4,30.7,1022,240780,AGCGGCGTACGGCGCGCCGGTG,AGCGGGGCACGGCGCGCCGGTG
contig_6,89.286,28,0,671,695,38512,38485,1.5,32.5,1022,46580,CCGCCG-AC-CC-GGTCGCCGGGCTCGA,CCGCCGTACACCGGGTCGCCGGGCTCGA
contig_4,100.000,16,0,954,969,26042,26057,5.4,30.7,1022,49784,CCTGGCCCGGGTGGTG,CCTGGCCCGGGTGGTG
